ModName,Author,Date,Version
AutomaticFuel,TastyChickenLegs,2024-05-15 18:48:54,1.4.1
DropMoreLoot,TastyChickenLegs,2024-05-21 23:07:33,1.2.2
Farming,Smoothbrain,2023-10-31 15:12:44,2.1.12
Mining,Smoothbrain,2023-10-06 09:55:47,1.1.5
MoreSlots,Fang86,2021-03-03 17:48:12,1.1.7
OdinCampsite,OdinPlus,2023-10-17 17:46:10,1.5.3
Pathfinder,Crystal,2023-12-21 21:08:47,2.0.11
PhValheimCompanion,posixone,2024-05-06 17:24:30,1.0.6
PlantEverything,Advize,2024-06-09 04:08:31,1.18.1
Quick_Stack_Store_Sort_Trash_Restock,Goldenrevolver,2024-06-26 17:45:56,1.4.8
QuickConnect,bdew,2022-12-26 14:06:10,1.6.0
serverblankpassword,1010101110,2021-03-09 01:17:21,0.0.2
ServerSideMap,Mydayyy,2024-04-11 13:35:02,1.3.11
Simple_Sailing,NaNNaBoaT,2024-06-09 22:52:13,2.0.0
TeleportEverything,OdinPlus,2023-12-16 18:33:07,2.6.1
